"","plan","plan_description","plan_details","currency","full_cost"
"1","Scenario 1","Fully scaled-up plan"," ","Naira",1936183242872
"2","Scenario 1","Fully scaled-up plan"," ","USD",1210114527
"3","Scenario 2","Prioritized plan A","Targeted mass campaigns, reduced IRS and LSM, 22 state vaccine rollout, targeted PMC, medium private sector CM","Naira",1024489911813
"4","Scenario 2","Prioritized plan A","Targeted mass campaigns, reduced IRS and LSM, 22 state vaccine rollout, targeted PMC, medium private sector CM","USD",640306195
"5","Scenario 3","Prioritized plan B","Targeted mass campaigns, reduced IRS and LSM, 2 state vaccine rollout, 2 state PMC, low private sector CM","Naira",901135417437
"6","Scenario 3","Prioritized plan B","Targeted mass campaigns, reduced IRS and LSM, 2 state vaccine rollout, 2 state PMC, low private sector CM","USD",563209636
"7","Scenario 4","As is – prior plan","Targeted mass campaign, reduced LSM, no IRS, 2 state vaccine rollout, 2 state PMC, no private sector CM","Naira",838826842912
"8","Scenario 4","As is – prior plan","Targeted mass campaign, reduced LSM, no IRS, 2 state vaccine rollout, 2 state PMC, no private sector CM","USD",524266777
